{"cameraMode":{"drawMode":0,"name":"Shaded","section":"Shading Mode"},"sceneLighting":true,"audioPlay":false,"sceneViewState":{"showFog":true,"showMaterialUpdate":true,"showSkybox":true,"showFlares":true,"showImageEffects":true,"showParticleSystems":true},"in2DMode":false,"pivot":{"x":11.651204109191895,"y":5.641596794128418,"z":9.962201118469239},"rotation":{"x":0.01840234361588955,"y":-0.6416568160057068,"z":0.015402681194245816,"w":0.766615092754364},"size":12.910369873046875,"orthographic":true}