{"cameraMode":{"drawMode":0,"name":"Shaded","section":"Shading Mode"},"sceneLighting":false,"audioPlay":false,"sceneViewState":{"showFog":true,"showMaterialUpdate":true,"showSkybox":false,"showFlares":true,"showImageEffects":true,"showParticleSystems":true},"in2DMode":false,"pivot":{"x":-0.7837263941764832,"y":3.2813682556152345,"z":2.448795795440674},"rotation":{"x":0.02849499136209488,"y":0.008996221236884594,"z":-0.00025646097492426634,"w":0.9995527267456055},"size":3.247893810272217,"orthographic":true}