{"cameraMode":{"drawMode":0,"name":"Shaded","section":"Shading Mode"},"sceneLighting":false,"audioPlay":false,"sceneViewState":{"showFog":true,"showMaterialUpdate":true,"showSkybox":false,"showFlares":true,"showImageEffects":true,"showParticleSystems":true},"in2DMode":false,"pivot":{"x":0.000017240643501281738,"y":-0.0700657069683075,"z":-0.05158817768096924},"rotation":{"x":0.003094908082857728,"y":-0.7259310483932495,"z":0.003266710788011551,"w":0.6877523064613342},"size":2.3629376888275148,"orthographic":true}